Player,Primary_Position,Pos,Age,G,MP,Offensive_Score,Defensive_Score,Teamwork_Score,Stamina_Score,Overall_Score,Salary_2023_2024,Value_Score
Luka Doncic,PG,PG,24,70.0,37.5,92.7,100.0,100.0,95.81,96.97,43031940,2.25
Nikola Jokic,C,C,28,79.0,34.6,95.16,100.0,97.47,81.46,94.21,51415938,1.83
Giannis Antetokounmpo,PF,PF,29,73.0,35.2,99.24,100.0,89.26,85.23,94.13,48787676,1.93
Shai Gilgeous-Alexander,PG,PG,25,75.0,34.0,100.0,93.26,88.58,89.14,93.29,35859950,2.6
Anthony Davis,C,C,30,76.0,35.5,93.12,100.0,84.49,86.66,91.39,43219440,2.11
Domantas Sabonis,C,C,27,82.0,35.7,74.4,100.0,94.2,100.0,90.87,40500000,2.24
Jayson Tatum,PF,PF,25,74.0,35.7,85.09,96.18,85.55,96.01,90.16,34848340,2.59
LeBron James,PF,PF,39,71.0,35.3,83.81,99.42,91.96,78.56,88.7,48728845,1.82
Kevin Durant,PF,PF,35,75.0,37.2,88.02,96.8,84.44,82.77,88.27,51179021,1.72
Joel Embiid,C,C,29,39.0,33.6,100.0,100.0,83.91,58.62,87.7,51415938,1.71
Jarrett Allen,C,C,25,77.0,31.700000000000003,86.59,100.0,75.98,86.63,87.3,20000000,4.36
Kawhi Leonard,SF,SF,32,68.0,34.3,89.65,96.18,81.95,69.43,85.31,49205800,1.73
Bam Adebayo,C,C,26,71.0,34.0,73.94,100.0,80.43,85.63,84.42,34848340,2.42
Donovan Mitchell,SG,SG,27,55.0,35.3,81.36,81.54,87.82,84.36,83.62,35410310,2.36
De'Aaron Fox,PG,PG,26,74.0,35.9,78.05,73.99,88.21,96.15,83.2,34848340,2.39
Anthony Edwards,SG,SG,22,79.0,35.1,77.52,79.23,83.23,93.08,82.49,42176400,1.96
Miles Bridges,SF,SF,25,69.0,37.4,70.49,86.47,84.08,93.36,82.46,27173913,3.03
DeMar DeRozan,SF,SF,34,79.0,37.8,86.1,66.59,91.29,85.49,82.4,23400000,3.52
Rudy Gobert,C,C,31,76.0,34.1,77.93,100.0,72.08,77.88,81.98,43827586,1.87
Scottie Barnes,SG,SG,22,60.0,34.9,66.28,100.0,87.83,74.92,81.83,10130980,8.08
Kyrie Irving,SG,SG,31,58.0,35.0,87.61,72.91,88.02,75.7,81.66,41000000,1.99
Lauri Markkanen,PF,PF,26,55.0,33.1,87.82,82.0,78.22,76.27,81.66,42176400,1.94
Dejounte Murray,SG,SG,27,78.0,35.7,69.26,74.61,89.6,97.94,81.42,29517135,2.76
Jalen Brunson,PG,PG,27,77.0,35.4,88.59,49.79,91.31,97.73,81.4,24960001,3.26
Deandre Ayton,C,C,25,55.0,32.4,76.05,100.0,73.99,75.07,81.33,34005126,2.39
Devin Booker,PG,PG,27,68.0,36.0,88.94,50.56,91.69,92.68,80.78,49205800,1.64
Chet Holmgren,C,C,21,82.0,29.399999999999995,75.81,100.0,70.43,75.69,80.49,10880640,7.4
Paolo Banchero,PF,PF,21,80.0,35.0,67.05,83.08,83.55,93.41,80.45,12160800,6.62
Tyrese Maxey,PG,PG,23,70.0,37.5,82.55,55.8,94.44,89.94,80.31,35147000,2.28
Tyrese Haliburton,PG,PG,23,69.0,32.2,71.8,73.53,98.44,77.81,80.09,42176400,1.9
Nikola Vucevic,C,C,33,76.0,34.3,67.76,96.03,83.66,73.05,79.86,20000000,3.99
Alperen Sengun,C,C,21,63.0,32.5,75.66,84.32,82.52,75.04,79.42,5424654,14.64
Evan Mobley,PF,PF,22,50.0,30.6,75.52,100.0,74.02,66.06,79.37,11227657,7.07
Jalen Johnson,SF,SF,22,56.0,33.7,67.21,100.0,79.16,70.26,79.01,4510905,17.52
Nic Claxton,C,C,24,71.0,29.800000000000004,70.69,100.0,70.65,74.81,78.83,27556817,2.86
Tobias Harris,PF,PF,31,70.0,33.8,73.71,83.55,80.58,74.52,78.05,25365854,3.08
Jimmy Butler,PF,PF,34,60.0,34.0,86.0,69.83,85.72,64.26,77.54,48798677,1.59
Zion Williamson,PF,PF,23,70.0,31.5,82.75,68.9,78.75,78.34,77.41,36725670,2.11
Daniel Gafford,PF,PF,25,56.36486486486486,24.52027027027027,87.24,92.65,62.34,62.03,77.33,13394160,5.77
Fred VanVleet,PG,PG,29,73.0,36.8,62.21,68.29,97.62,85.25,77.19,42846615,1.8
Myles Turner,C,C,27,77.0,27.0,77.88,87.55,64.73,76.07,76.65,19928500,3.85
Damian Lillard,PG,PG,33,73.0,35.3,77.46,59.81,90.08,79.6,76.63,48787676,1.57
Paul George,PF,PF,33,74.0,33.8,79.03,75.07,78.57,72.35,76.59,49205800,1.56
Michael Porter Jr.,SF,SF,25,81.0,31.7,70.56,76.45,73.99,88.84,76.55,35859950,2.13
Pascal Siakam,PF,PF,29,60.0125,33.206875000000004,83.39,66.78,83.12,68.88,76.27,42176400,1.81
Jaylen Brown,SF,SF,27,70.0,33.5,75.94,66.59,78.78,85.05,76.13,49205800,1.55
Victor Wembanyama,C,C,20,71.0,29.7,64.14,100.0,70.78,70.88,76.11,12768960,5.96
Jaren Jackson Jr.,C,C,24,66.0,32.2,71.88,78.3,72.86,81.71,75.7,25257798,3.0
Ja Morant,PG,PG,24,9.0,35.3,77.36,70.44,92.99,56.91,75.45,36725670,2.05
Jalen Duren,C,C,20,61.0,29.1,73.94,94.18,66.83,64.02,75.24,4536840,16.58
James Harden,PG,PG,34,72.0,34.3,60.91,80.15,90.9,70.97,75.23,33653846,2.24
Jamal Murray,PG,PG,26,59.0,31.5,74.21,64.43,85.36,77.21,75.15,36016200,2.09
Karl-Anthony Towns,PF,PF,28,62.0,32.7,77.4,78.77,72.69,69.65,75.02,49205800,1.52
Brandon Ingram,SF,SF,26,64.0,32.9,73.15,64.28,82.8,80.93,74.9,36016200,2.08
Mikal Bridges,SF,SF,27,82.0,34.8,66.41,64.74,80.64,92.79,74.83,23300000,3.21
Jalen Williams,PF,PF,22,71.0,31.300000000000004,80.92,59.96,79.14,78.26,74.7,4775760,15.64
Julius Randle,PF,PF,29,46.0,35.4,71.74,74.14,83.34,68.66,74.62,33073920,2.26
Ivica Zubac,C,C,26,68.0,26.4,79.62,81.39,63.97,70.44,74.31,11743210,6.33
Trae Young,PG,PG,25,54.0,36.0,69.13,49.02,97.89,84.1,74.29,43031940,1.73
Franz Wagner,SF,SF,22,72.0,32.5,74.7,65.2,78.42,79.89,74.29,7007092,10.6
Stephen Curry,PG,PG,35,74.0,32.7,80.43,60.42,80.75,71.83,73.79,55761216,1.32
Jabari Smith Jr.,PF,PF,20,76.0,31.9,62.22,81.39,73.37,80.87,73.53,9770880,7.53
Derrick White,SG,SG,29,73.0,32.6,65.19,72.29,83.24,74.95,73.43,20071429,3.66
Clint Capela,C,C,29,73.0,25.8,69.42,92.79,67.52,62.15,73.33,22265280,3.29
Devin Vassell,SG,SG,23,68.0,33.1,71.84,64.28,81.14,76.79,73.26,29347826,2.5
Kyle Kuzma,PF,PF,28,70.0,32.6,68.1,73.37,78.37,74.09,73.18,24456061,2.99
Coby White,PG,PG,23,79.0,36.5,66.2,50.56,86.77,93.68,72.93,12000000,6.08
Brook Lopez,C,C,35,79.0,30.5,65.02,84.78,71.65,70.89,72.79,23000000,3.16
Keegan Murray,SF,SF,23,77.0,33.6,65.92,65.82,78.89,83.19,72.59,8809560,8.24
John Collins,PF,PF,26,68.0,28.0,73.82,78.0,65.84,71.76,72.46,26580000,2.73
Mark Williams,C,C,22,19.0,26.7,85.9,83.24,68.22,42.12,72.06,4094280,17.6
Deni Avdija,SF,SF,23,75.0,30.1,62.72,76.61,72.04,78.8,71.74,15625000,4.59
Aaron Gordon,PF,PF,28,73.0,31.5,70.26,64.59,78.1,73.82,71.51,22841455,3.13
Jalen Green,SG,SG,21,82.0,31.700000000000003,62.56,68.44,74.75,84.67,71.5,12483048,5.73
Desmond Bane,SG,SG,25,42.0,34.4,74.67,53.18,84.75,69.59,70.8,34005250,2.08
Austin Reaves,SG,SG,25,82.0,32.1,66.5,54.41,80.55,85.06,70.7,12976362,5.45
Cade Cunningham,PG,PG,22,62.0,33.5,66.48,55.34,87.19,75.39,70.65,13940809,5.07
CJ McCollum,PG,PG,32,66.0,32.7,69.98,62.74,82.21,66.61,70.55,33333333,2.12
Nick Richards,C,C,26,67.0,26.3,79.62,73.99,58.73,65.97,70.26,5000000,14.05
D'Angelo Russell,PG,PG,27,76.0,32.7,64.06,50.1,84.92,85.77,70.13,18692307,3.75
Grayson Allen,SG,SG,28,75.0,33.5,69.52,57.5,76.63,76.49,69.69,15625000,4.46
Isaiah Hartenstein,C,C,25,75.0,25.3,64.72,83.55,63.87,66.95,69.66,30000000,2.32
Tyler Herro,SG,SG,24,42.0,33.5,66.14,63.04,81.3,68.12,69.55,29000000,2.4
Walker Kessler,C,C,22,64.0,23.3,68.47,98.19,56.3,50.58,69.28,2965920,23.36
Jakob Poeltl,C,C,28,50.0,26.4,70.21,85.7,65.81,51.61,69.26,19500000,3.55
Terry Rozier,PG,PG,29,45.75409836065574,33.43360655737705,68.82,59.61,86.3,60.45,69.21,24924126,2.78
Jusuf Nurkic,C,C,29,76.0,27.3,46.45,100.0,68.22,64.86,68.96,18125000,3.8
Tyus Jones,PG,PG,27,66.0,29.3,60.31,58.11,87.15,71.82,68.77,2087519,32.94
Josh Hart,SF,SF,28,81.0,33.4,44.22,84.32,79.89,72.23,68.76,18144000,3.79
Herbert Jones,SF,SF,25,76.0,30.5,64.29,57.8,71.4,84.3,68.45,12976362,5.27
Jrue Holiday,PG,PG,33,69.0,32.8,54.35,73.37,80.37,67.51,68.24,30000000,2.27
Saddiq Bey,SF,SF,24,63.0,32.7,62.5,59.19,77.5,76.5,68.22,6440678,10.59
Dereck Lively II,C,C,19,55.0,23.5,80.79,74.91,58.39,53.25,68.21,5014560,13.6
Trey Murphy III,SF,SF,23,57.0,29.6,69.89,70.91,75.01,53.61,68.17,5159854,13.21
Bradley Beal,SG,SG,30,53.0,33.3,69.15,56.11,80.42,64.56,67.79,50203930,1.35
RJ Barrett,SG,SG,23,43.6551724137931,31.70344827586207,72.24,56.8,74.68,63.77,67.3,25794643,2.61
LaMelo Ball,PG,PG,22,22.0,32.3,65.46,59.81,87.28,52.49,66.91,35147000,1.9
Jerami Grant,PF,PF,29,54.0,33.9,72.79,51.18,76.22,65.82,66.85,29793104,2.24
OG Anunoby,SF,SF,26,37.58,34.018,62.88,64.87,74.35,65.85,66.84,36637932,1.82
Brandon Miller,SF,SF,21,74.0,32.2,61.18,55.34,73.68,79.23,66.46,11424600,5.82
Rui Hachimura,PF,PF,25,68.0,26.9,75.81,54.72,67.37,64.64,66.19,17000000,3.89
Javonte Green,SF,SF,30,9.0,25.6,80.64,84.32,63.4,25.35,66.19,2328350,28.43
Zach LaVine,SG,SG,28,25.0,34.9,69.32,62.43,80.23,48.02,66.06,44531940,1.48
Anfernee Simons,SG,SG,24,46.0,34.4,68.87,39.92,84.07,71.79,66.02,25892857,2.55
Cam Thomas,SG,SG,22,66.0,31.4,74.35,41.77,74.76,72.58,65.95,4041249,16.32
Donte DiVincenzo,SG,SG,27,81.0,29.1,59.66,58.27,71.61,76.44,65.66,11445000,5.74
P.J. Washington,PF,PF,25,55.52054794520548,30.395890410958906,53.39,72.57,71.01,67.47,65.41,15500000,4.22
Al Horford,C,C,37,65.0,26.8,60.38,81.39,70.35,46.2,65.29,9500000,6.87
Darius Garland,PG,PG,24,57.0,33.4,56.92,47.63,82.96,77.01,65.13,36725670,1.77
Josh Giddey,SG,SG,21,80.0,25.1,51.5,73.06,69.4,69.96,65.06,8352367,7.79
Max Strus,SF,SF,27,70.0,32.0,47.88,57.03,77.56,82.54,64.52,15212068,4.24
Kelly Oubre Jr.,SF,SF,28,68.0,30.2,61.88,59.65,70.75,66.65,64.49,7983000,8.08
Bobby Portis,PF,PF,28,82.0,24.5,67.61,72.6,63.38,51.01,64.48,12578286,5.13
Keldon Johnson,SF,SF,24,69.0,29.5,64.83,54.87,73.35,64.76,64.46,19000000,3.39
Onyeka Okongwu,C,C,23,55.0,25.5,78.68,61.5,64.78,45.37,64.25,14000000,4.59
Bogdan Bogdanovic,SG,SG,31,79.0,30.4,63.49,51.33,75.19,67.56,64.19,17260000,3.72
Jonathan Kuminga,PF,PF,21,74.0,26.3,73.12,53.18,65.14,63.05,64.13,7636307,8.4
Kentavious Caldwell-Pope,SG,SG,30,76.0,31.6,58.0,53.64,72.93,75.09,64.06,22757000,2.81
Tre Jones,PG,PG,24,77.0,27.8,56.12,54.26,78.4,70.1,64.02,9104167,7.03
Immanuel Quickley,PG,PG,24,51.23529411764706,29.198529411764707,66.97,50.33,78.1,58.38,63.87,32500000,1.97
Alex Caruso,SG,SG,29,71.0,28.7,50.9,73.83,70.62,60.51,63.48,9890000,6.42
Isaiah Stewart,PF,PF,22,46.0,30.9,56.23,66.9,67.94,63.17,63.21,15000000,4.21
Collin Sexton,SG,SG,25,78.0,26.6,74.11,34.22,72.67,71.16,63.19,18350000,3.44
Naz Reid,C,C,24,81.0,24.2,60.49,70.44,59.25,62.24,63.02,13986432,4.51
Wendell Carter Jr.,C,C,24,55.0,25.6,62.66,64.12,62.97,61.67,62.9,11950000,5.26
Jeremy Sochan,PF,PF,20,74.0,29.6,46.82,64.28,72.04,70.9,62.31,5570040,11.19
Mike Conley,PG,PG,36,76.0,28.9,57.66,50.4,80.04,61.34,62.18,9975962,6.23
Aaron Nesmith,SF,SF,24,72.0,27.7,67.14,46.4,67.05,68.28,62.16,11000000,5.65
Harrison Barnes,PF,PF,31,82.0,29.0,68.03,41.31,69.39,69.67,62.02,18000000,3.45
Cameron Johnson,PF,PF,27,58.0,27.6,61.05,53.33,70.41,63.83,62.02,22500000,2.76
Jordan Poole,SG,SG,24,78.0,30.1,55.66,38.69,74.55,83.45,61.7,29651786,2.08
Klay Thompson,SF,SF,33,77.0,29.700000000000003,64.31,49.33,71.25,60.67,61.57,15873016,3.88
Santi Aldama,PF,PF,23,61.0,26.5,48.66,75.99,67.48,55.48,61.56,3960531,15.54
Luguentz Dort,SF,SF,24,79.0,28.4,58.57,45.78,67.21,77.52,61.32,16500000,3.72
Caris LeVert,SG,SG,29,68.0,28.8,53.74,63.51,77.08,49.62,61.19,16615384,3.68
Obi Toppin,PF,PF,25,82.0,21.1,72.72,49.48,58.46,61.72,61.14,12975000,4.71
Ayo Dosunmu,SG,SG,24,76.0,29.1,61.13,43.78,71.35,69.03,60.93,7000000,8.7
Malik Beasley,SG,SG,27,79.0,29.6,54.65,44.39,70.56,78.34,60.8,6000000,10.13
Gary Trent Jr.,SG,SG,25,71.0,28.1,58.79,48.09,70.71,67.18,60.77,2087519,29.11
De'Andre Hunter,SF,SF,26,57.0,29.5,67.28,45.32,66.51,62.45,60.63,21696429,2.79
Jalen Suggs,SG,SG,22,75.0,27.0,54.9,53.8,64.03,69.4,59.81,9188385,6.51
Khris Middleton,SF,SF,32,55.0,27.0,60.82,53.64,72.38,49.89,59.73,31000000,1.93
Amen Thompson,SF,SF,21,62.0,22.4,55.71,71.68,59.82,49.69,59.53,9249960,6.44
De'Anthony Melton,SG,SG,25,38.0,26.9,50.83,63.2,70.56,54.21,59.53,12822000,4.64
Malcolm Brogdon,PG,PG,31,39.0,28.7,62.51,49.17,79.64,42.53,59.46,22500000,2.64
Terance Mann,SG,SG,27,75.0,25.0,65.98,35.92,65.5,71.29,59.41,11423077,5.2
Marvin Bagley III,C,C,24,37.52,21.094,73.34,56.44,56.17,46.09,59.37,12500000,4.75
Bruce Brown,PG,PG,27,50.25373134328358,27.861194029850747,58.49,51.64,68.97,57.44,59.19,23000000,2.57
Andrew Wiggins,SF,SF,28,71.0,27.0,59.74,49.17,66.91,59.9,58.92,26276786,2.24
Luke Kornet,C,C,28,63.0,15.6,87.63,53.33,53.13,28.94,58.69,2087519,28.11
Jaime Jaquez Jr.,SF,SF,22,75.0,28.2,59.92,47.48,67.75,59.24,58.63,3685800,15.91
Brandon Clarke,PF,PF,27,6.0,22.3,64.98,68.29,65.78,28.03,58.62,12500000,4.69
Brandin Podziemski,SG,SG,20,74.0,26.6,46.27,60.42,71.46,58.63,58.58,3519960,16.64
Ausar Thompson,SF,SF,21,63.0,25.1,47.43,70.6,62.13,55.55,58.52,8376000,6.99
Shaedon Sharpe,SG,SG,20,32.0,33.1,53.65,52.1,74.16,54.05,58.47,6614160,8.84
Draymond Green,PF,PF,33,55.0,27.1,33.75,82.0,70.82,48.21,57.97,24107143,2.4
Paul Reed,C,C,24,82.0,19.4,58.69,63.51,55.71,52.43,57.9,3913234,14.8
Trayce Jackson-Davis,PF,PF,23,68.0,16.6,75.73,58.57,50.92,38.98,57.89,1891857,30.6
Tari Eason,PF,PF,22,22.0,21.8,53.09,85.55,59.8,26.89,57.64,3695160,15.6
Jabari Walker,SF,SF,21,72.0,23.6,56.01,59.81,59.94,54.11,57.56,2019699,28.5
Vince Williams Jr.,SG,SG,23,52.0,27.6,47.15,65.66,65.85,52.66,57.55,2120693,27.14
Dillon Brooks,SF,SF,28,72.0,30.899999999999995,56.49,33.45,70.68,72.61,57.5,22255493,2.58
Corey Kispert,SF,SF,24,80.0,25.8,63.9,36.69,64.1,64.84,57.34,5705887,10.05
Malik Monk,SG,SG,25,72.0,26.0,57.67,42.85,71.36,57.36,57.33,17405203,3.29
Isaac Okoro,SF,SF,23,69.0,27.3,59.1,42.54,67.56,60.34,57.32,10185186,5.63
Jaden McDaniels,SF,SF,23,72.0,29.200000000000003,55.44,41.31,65.9,69.36,57.31,23017242,2.49
Mitchell Robinson,C,C,25,31.0,24.8,44.05,80.15,59.12,46.37,57.31,14318182,4.0
Derrick Jones Jr.,SF,SF,26,76.0,23.5,55.67,49.33,57.67,69.14,57.28,9523810,6.01
Kevin Huerter,SG,SG,25,64.0,24.4,52.47,46.4,66.93,65.6,57.19,16830357,3.4
Norman Powell,SG,SG,30,76.0,26.2,70.82,40.39,63.63,49.68,57.19,19241379,2.97
Andre Drummond,C,C,30,79.0,17.1,58.0,81.08,48.59,36.71,57.16,5000000,11.43
Jaden Ivey,SG,SG,21,77.0,28.8,52.11,38.84,69.75,69.25,56.63,7977240,7.1
Jordan Clarkson,SG,SG,31,55.0,30.6,55.06,39.92,76.43,53.89,56.38,14092577,4.0
Tim Hardaway Jr.,SF,SF,31,79.0,26.800000000000004,58.28,43.31,68.04,53.46,56.01,16193183,3.46
Chris Paul,PG,PG,38,58.0,26.4,45.64,58.11,79.28,39.62,55.96,10460000,5.35
GG Jackson II,PF,PF,19,48.0,25.7,58.74,53.49,62.06,46.35,55.78,1891857,29.48
Jalen Smith,C,C,23,61.0,17.2,74.23,50.87,52.7,37.27,55.62,8571429,6.49
Jonathan Isaac,PF,PF,26,58.0,15.8,60.5,71.68,48.86,36.7,55.62,25000000,2.22
Dorian Finney-Smith,PF,PF,30,68.0,28.4,44.07,53.03,68.21,58.84,55.3,14924167,3.71
Payton Pritchard,PG,PG,26,82.0,22.3,56.65,38.69,67.49,58.5,55.24,6696429,8.25
Bennedict Mathurin,SF,SF,21,59.0,26.1,62.34,41.62,63.6,50.97,55.2,7245720,7.62
Sam Hauser,SF,SF,26,79.0,22.0,54.56,47.01,61.29,58.41,55.12,2092344,26.34
Precious Achiuwa,PF,PF,24,57.44594594594594,21.91824324324324,48.42,65.35,56.44,50.48,55.07,6000000,9.18
Marcus Smart,PG,PG,29,20.0,30.3,44.71,61.19,69.02,44.81,54.93,20210284,2.72
Spencer Dinwiddie,PG,PG,30,58.31578947368421,28.30263157894737,50.57,41.27,75.63,52.55,54.91,2087519,26.3
Patrick Williams,PF,PF,22,43.0,27.3,49.37,57.34,62.98,49.02,54.7,18000000,3.04
Moritz Wagner,C,C,26,80.0,17.7,75.65,41.62,48.94,46.55,54.64,11000000,4.97
Ben Simmons,PG,PG,27,15.0,23.9,32.77,77.38,68.69,40.84,54.52,40011909,1.36
Zach Collins,C,C,26,69.0,22.1,51.84,50.56,58.29,58.54,54.47,16741200,3.25
Buddy Hield,SG,SG,31,64.19047619047619,25.719047619047625,52.23,46.82,67.23,50.49,54.28,8780488,6.18
Caleb Martin,SF,SF,28,64.0,27.4,48.65,51.79,67.06,49.19,54.15,9186594,5.89
Taurean Prince,PF,PF,29,78.0,27.0,48.92,46.09,64.01,59.62,54.13,2087519,25.93
Cole Anthony,PG,PG,23,81.0,22.4,53.07,50.25,60.27,52.52,54.06,12900000,4.19
Grant Williams,PF,PF,25,58.06578947368421,28.00131578947369,50.31,41.21,65.77,60.2,53.88,13025250,4.14
Duncan Robinson,SF,SF,29,68.0,28.0,57.17,34.84,68.11,54.63,53.81,19406000,2.77
Robert Williams,C,C,26,6.0,19.8,63.12,79.85,44.57,18.35,53.71,12428571,4.32
Tre Mann,PG,PG,22,32.1219512195122,24.09390243902439,47.06,59.16,64.7,42.99,53.68,4908373,10.94
Kelly Olynyk,C,C,32,60.05128205128205,22.57692307692308,56.9,52.58,61.97,38.18,53.34,12804878,4.17
Eric Gordon,SG,SG,35,68.0,27.8,52.26,46.86,66.58,46.46,53.33,3303771,16.14
Simone Fontecchio,SF,SF,28,53.87878787878788,24.91060606060606,54.99,47.2,62.29,47.25,53.32,7692308,6.93
Bilal Coulibaly,SF,SF,19,63.0,27.2,42.89,59.5,60.74,51.55,53.24,6945240,7.67
Matisse Thybulle,SF,SF,26,65.0,22.9,36.33,65.66,59.27,54.54,53.04,11025000,4.81
Luke Kennard,SG,SG,27,39.0,25.6,52.8,42.85,66.19,49.49,53.0,9250000,5.73
Goga Bitadze,C,C,24,62.0,15.4,57.33,60.58,46.57,44.91,52.97,9057971,5.85
Keyonte George,PG,PG,20,75.0,27.0,43.91,41.31,66.96,63.17,52.87,4084200,12.95
Cason Wallace,SG,SG,20,82.0,20.6,55.47,43.78,58.71,52.75,52.81,5555880,9.51
T.J. McConnell,PG,PG,31,71.0,18.2,60.72,47.63,63.46,34.03,52.79,9300000,5.68
Russell Westbrook,PG,PG,35,68.0,22.5,44.68,61.66,64.34,39.29,52.76,5631296,9.37
Andrew Nembhard,PG,PG,24,68.0,25.0,49.94,31.6,66.83,64.24,52.44,2019699,25.96
Taylor Hendricks,PF,PF,20,40.0,21.4,48.98,60.89,55.96,42.56,52.42,5848680,8.96
Nickeil Alexander-Walker,SG,SG,25,82.0,23.4,46.82,41.16,62.53,62.11,52.39,4312500,12.15
Scotty Pippen Jr.,PG,PG,23,21.0,25.1,49.89,53.18,64.62,39.18,52.25,2087519,25.03
Kyle Anderson,PF,PF,30,79.0,22.6,41.28,55.8,64.67,47.84,52.07,8780488,5.93
Toumani Camara,PF,PF,23,70.0,24.8,44.12,48.86,57.96,59.8,51.9,1891857,27.43
Larry Nance Jr.,C,C,31,61.0,19.9,57.85,59.5,54.76,29.74,51.87,11205000,4.63
Dean Wade,PF,PF,27,54.0,20.5,44.13,55.95,56.24,52.77,51.84,6166667,8.41
Josh Green,SG,SG,23,57.0,26.4,48.48,42.39,64.21,53.21,51.84,12654321,4.1
John Konchar,SF,SF,27,55.0,21.3,33.24,69.36,56.39,50.85,51.58,6165000,8.37
Haywood Highsmith,PF,PF,27,66.0,20.7,48.61,45.93,57.43,54.87,51.4,5200000,9.88
Dyson Daniels,PG,PG,20,61.0,22.3,37.28,62.43,60.02,46.91,51.18,6059520,8.45
Josh Richardson,SG,SG,30,43.0,25.7,57.73,40.39,67.25,34.67,51.16,3051153,16.77
Christian Braun,SG,SG,22,82.0,20.2,51.55,44.86,57.17,50.77,51.13,3089640,16.55
Royce O'Neale,SF,SF,30,60.392405063291136,24.71392405063291,37.17,59.98,66.04,42.28,51.11,9375000,5.45
Nicolas Batum,PF,PF,35,57.15,25.5025,40.96,55.46,64.63,43.16,50.94,4668000,10.91
Kyle Lowry,PG,PG,37,45.81666666666667,28.176666666666662,41.88,47.31,70.91,43.86,50.89,2087519,24.38
Amir Coffey,SF,SF,26,70.0,20.9,57.08,34.37,56.86,53.59,50.65,3938271,12.86
Kevon Looney,C,C,27,74.0,16.1,54.29,48.25,49.5,48.75,50.47,8000000,6.31
Killian Hayes,PG,PG,22,42.0,24.0,35.42,51.48,69.45,47.06,50.27,119972,419.01
Isaiah Jackson,C,C,22,59.0,13.1,71.09,49.48,41.91,30.42,50.26,4435381,11.33
Peyton Watson,SF,SF,21,80.0,18.6,49.29,54.26,52.31,42.01,49.83,2413560,20.65
Julian Champagnie,SF,SF,22,74.0,19.8,44.34,50.25,53.46,52.18,49.67,3000000,16.56
Isaiah Joe,SG,SG,24,78.0,18.5,54.96,41.16,54.46,45.97,49.59,12991650,3.82
Drew Eubanks,C,C,26,75.0,15.6,57.92,52.87,41.72,42.62,49.55,5000000,9.91
Markelle Fultz,PG,PG,25,43.0,21.2,45.35,45.47,60.34,46.48,49.35,731831,67.43
Neemias Queta,C,C,24,28.0,11.9,70.9,48.71,43.36,24.62,49.21,2162606,22.75
Cam Whitmore,SF,SF,19,47.0,18.7,58.27,49.94,52.48,30.61,49.21,3379080,14.56
James Wiseman,C,C,22,63.0,17.3,62.94,46.55,45.75,35.41,49.04,2237691,21.92
Aaron Wiggins,SG,SG,25,78.0,15.7,63.3,37.61,47.48,43.73,49.01,10514017,4.66
Georges Niang,PF,PF,30,82.0,22.3,51.53,37.46,57.15,49.27,48.97,8500000,5.76
Nikola Jovic,PF,PF,20,46.0,19.5,46.94,49.63,55.15,41.61,48.6,2464200,19.72
Kevin Love,PF,PF,35,55.0,16.8,54.05,57.96,53.29,22.39,48.51,3850000,12.6
Duop Reath,C,C,27,68.0,17.9,54.69,38.54,52.79,46.2,48.48,2048780,23.66
Pat Connaughton,SF,SF,31,76.0,22.1,44.89,43.31,60.95,44.62,48.46,9423869,5.14
Cody Martin,SF,SF,28,28.0,26.9,27.52,63.35,67.39,37.47,48.44,8120000,5.97
Scoot Henderson,PG,PG,19,62.0,28.5,38.09,31.29,70.98,57.01,48.4,10259160,4.72
Bol Bol,PF,PF,24,43.0,10.9,69.39,44.7,40.49,28.5,47.81,2087519,22.9
Gary Harris,SG,SG,29,54.0,24.0,48.6,35.61,62.07,43.76,47.75,7500000,6.37
Naji Marshall,SF,SF,26,66.0,19.0,48.03,47.17,52.79,41.64,47.73,8571429,5.57
Jae Crowder,PF,PF,33,50.0,23.1,45.14,46.4,61.22,36.25,47.7,1655619,28.81
Xavier Tillman Sr.,PF,PF,25,41.407407407407405,18.022222222222226,39.22,60.65,53.94,35.54,47.52,2237691,21.24
Dante Exum,PG,PG,28,55.0,19.8,59.44,34.37,58.38,32.4,47.5,3150000,15.08
Moses Moody,SG,SG,21,66.0,17.5,55.56,41.62,51.48,37.48,47.44,5803269,8.17
Jake LaRavia,PF,PF,22,35.0,23.0,50.98,40.69,59.11,35.56,47.36,3352680,14.13
Jarred Vanderbilt,PF,PF,24,29.0,20.0,42.38,60.27,48.16,36.64,47.15,10714286,4.4
Trey Lyles,PF,PF,28,58.0,20.0,48.83,46.4,54.97,35.24,47.04,8000000,5.88
Miles McBride,PG,PG,23,68.0,19.5,56.75,27.13,60.0,40.88,46.98,4710144,9.97
Daniel Theis,C,C,31,59.016666666666666,16.924166666666668,56.45,47.91,49.64,27.78,46.88,2087519,22.46
Talen Horton-Tucker,PG,PG,23,51.0,19.8,45.83,44.08,60.25,34.92,46.82,2087519,22.43
Thomas Bryant,C,C,26,38.0,11.6,66.6,44.08,39.95,29.1,46.81,2087519,22.42
Day'Ron Sharpe,C,C,22,61.0,15.1,52.07,53.8,45.38,31.91,46.8,3989122,11.73
Reggie Jackson,PG,PG,33,82.0,22.2,47.29,28.36,64.48,46.65,46.73,4033748,11.58
Cam Reddish,SF,SF,24,48.0,20.5,40.36,43.31,54.61,49.58,46.5,2463946,18.87
Christian Wood,PF,PF,28,50.0,17.4,47.08,62.89,46.19,24.51,46.3,3036040,15.25
Malaki Branham,PG,PG,20,75.0,21.3,45.41,29.44,57.37,54.45,46.22,3217920,14.36
Dalano Banton,PG,PG,24,40.66666666666666,19.38888888888889,44.21,47.78,55.71,35.09,46.15,2196970,21.01
Kris Murray,SF,SF,23,62.0,21.7,34.49,46.4,56.16,50.05,46.0,2990040,15.38
Lamar Stevens,PF,PF,26,28.5,14.7,52.86,50.75,47.87,27.09,45.93,623856,73.62
Gradey Dick,SG,SG,20,60.0,21.1,48.69,31.6,56.19,46.41,45.84,4763760,9.62
Jose Alvarado,PG,PG,25,56.0,18.4,42.55,45.63,56.17,37.19,45.65,1988598,22.96
Lonnie Walker IV,SG,SG,25,58.0,17.4,48.55,41.31,51.7,37.85,45.39,780932,58.12
Keon Ellis,SG,SG,24,57.0,17.2,45.95,40.69,51.23,42.01,45.17,2120693,21.3
Jordan Goodwin,PG,PG,25,45.07017543859649,18.516666666666666,34.34,52.88,57.85,35.65,45.11,223718,201.64
Chris Boucher,PF,PF,31,50.0,14.1,60.03,46.24,43.75,22.3,44.97,10810000,4.16
Ziaire Williams,SF,SF,22,51.0,20.4,40.39,44.86,52.35,42.42,44.9,6133005,7.32
Bruno Fernando,C,C,25,45.0,15.2,54.23,46.86,41.48,31.99,44.75,1115128,40.13
Sam Merrill,SG,SG,27,61.0,17.5,50.51,28.36,58.59,38.88,44.67,2164993,20.63
Ochai Agbaji,SG,SG,23,60.34615384615385,21.025,36.79,42.54,54.12,46.85,44.57,4310280,10.34
Delon Wright,PG,PG,31,37.17021276595744,15.782978723404254,47.34,47.98,57.65,18.62,44.33,2087519,21.24
Mo Bamba,C,C,25,57.0,13.0,43.27,55.18,39.84,37.96,44.33,2207491,20.08
Noah Clowney,PF,PF,19,23.0,16.1,55.27,47.63,45.37,21.59,44.15,3244080,13.61
Vit Krejci,PG,PG,23,22.0,24.6,44.54,32.68,61.18,36.58,44.14,2162606,20.41
Jaxson Hayes,C,C,23,70.0,12.5,64.32,36.69,35.59,33.0,43.97,2463946,17.85
Mason Plumlee,C,C,33,46.0,14.7,54.69,51.95,42.46,19.59,43.93,2087519,21.04
Quentin Grimes,SG,SG,23,45.70588235294117,20.09117647058824,40.88,34.78,57.35,41.08,43.51,4296682,10.13
Jeff Green,PF,PF,37,78.0,16.8,56.9,32.22,49.04,29.83,43.35,8000000,5.42
Marcus Sasser,PG,PG,23,71.0,19.0,42.03,33.45,56.63,40.86,43.3,2755080,15.72
Kris Dunn,PG,PG,29,66.0,18.9,33.32,45.32,57.32,38.23,43.3,5168000,8.38
Josh Okogie,SG,SG,25,60.0,16.0,44.34,41.16,47.21,39.25,43.24,8250000,5.24
Javon Freeman-Liberty,PG,PG,24,22.0,18.3,48.66,41.46,50.24,28.52,43.23,100000,432.3
Dominick Barlow,PF,PF,20,33.0,12.7,56.18,38.84,48.94,21.38,43.08,491887,87.58
Aaron Holiday,PG,PG,27,78.0,16.3,49.44,26.2,51.21,43.62,42.91,4668000,9.19
Gary Payton II,SG,SG,31,44.0,15.5,56.24,39.46,47.95,20.79,42.88,9130000,4.7
Alec Burks,SG,SG,32,51.01515151515152,18.393181818181816,53.06,35.74,55.23,21.01,42.86,2087519,20.53
Torrey Craig,SF,SF,33,53.0,19.8,43.45,43.62,54.8,25.47,42.73,3625162,11.79
Kevin Knox,SF,SF,24,31.0,18.1,52.14,30.83,50.41,33.12,42.58,503883,84.5
Trendon Watford,PF,PF,23,63.0,13.6,55.06,36.53,41.87,31.81,42.48,2726603,15.58
Jock Landale,C,C,28,56.0,13.6,55.49,37.76,45.81,24.32,42.4,8000000,5.3
Jordan Hawkins,SG,SG,21,67.0,17.3,46.11,30.98,52.34,37.83,42.23,4525680,9.33
Richaun Holmes,PF,PF,30,30.225,13.885,56.82,41.37,43.66,19.18,42.14,12648321,3.33
Justin Champagnie,SF,SF,22,15.0,15.7,42.56,53.8,49.65,17.18,42.07,1800000,23.37
Maxi Kleber,C,C,32,43.0,20.3,38.24,45.93,52.98,26.33,41.47,11000000,3.77
Jaylin Williams,C,C,21,69.0,13.0,39.41,46.24,46.33,32.14,41.39,2019699,20.49
Jalen Wilson,PF,PF,23,43.0,15.4,50.45,32.83,50.84,26.41,41.33,1891857,21.85
Jared Rhoden,SG,SG,24,17.0,14.4,51.75,38.23,46.99,21.49,41.13,119972,342.83
David Roddy,PF,PF,22,52.44615384615385,18.1,38.82,39.85,51.05,33.77,41.12,2967212,13.86
Ricky Council IV,SG,SG,22,32.0,9.0,66.02,26.36,42.61,20.05,41.06,1891857,21.7
Sandro Mamukelashvili,C,C,24,46.0,9.8,48.64,38.84,42.61,30.12,40.98,2087519,19.63
Jordan McLaughlin,PG,PG,27,56.0,11.2,47.65,32.99,48.09,31.72,40.91,2087519,19.6
Monte Morris,PG,PG,28,28.09090909090909,14.404545454545456,44.3,42.76,55.68,14.98,40.9,2087519,19.59
Craig Porter Jr.,PG,PG,23,51.0,12.7,47.79,37.92,45.22,28.5,40.82,1891857,21.58
Garrison Mathews,SG,SG,27,66.0,15.0,52.74,19.88,48.26,38.99,40.66,2230253,18.23
Bismack Biyombo,C,C,31,32.5,19.775,32.63,54.41,45.62,29.23,40.64,647851,62.73
Charles Bassey,C,C,23,19.0,10.8,53.96,53.03,31.85,16.06,40.62,2087519,19.46
Keita Bates-Diop,SF,SF,28,42.698113207547166,12.526415094339622,48.94,40.68,46.1,20.97,40.57,2654644,15.28
Dwight Powell,C,C,32,63.0,13.3,58.1,32.06,42.04,22.14,40.38,4000000,10.1
Cameron Payne,PG,PG,29,59.32051282051282,16.69423076923077,47.66,26.41,54.32,29.07,40.29,2087519,19.3
Kenrich Williams,PF,PF,29,69.0,14.900000000000002,42.72,36.22,49.35,28.79,39.97,6669000,5.99
Max Christie,SG,SG,20,67.0,14.1,41.9,37.15,44.63,33.81,39.78,7142857,5.57
Jericho Sims,C,C,25,45.0,13.0,50.18,37.3,35.22,32.76,39.74,2092344,18.99
Sidy Cissoko,SF,SF,19,12.0,11.800000000000002,59.28,31.6,44.46,14.33,39.66,1891857,20.96
Landry Shamet,SG,SG,26,46.0,15.8,48.38,24.51,49.01,33.79,39.65,1343690,29.51
Mouhamed Gueye,PF,PF,21,6.0,12.199999999999998,43.86,44.7,49.68,12.64,39.28,1891857,20.76
Davion Mitchell,PG,PG,25,72.0,15.300000000000002,43.94,20.04,50.61,41.03,39.05,6451077,6.05
Anthony Black,PG,PG,20,69.0,16.9,37.21,31.75,45.6,42.51,39.0,7607760,5.13
Jaylen Nowell,SG,SG,24,10.23076923076923,16.46923076923077,48.03,28.16,53.25,20.97,38.96,446743,87.21
Jaden Hardy,SG,SG,21,73.0,13.5,42.93,28.21,46.71,35.96,38.8,2019699,19.21
Brice Sensabaugh,SF,SF,20,32.0,18.3,35.5,41.46,47.53,28.38,38.57,2571480,15.0
Johnny Juzang,SG,SG,22,20.0,18.6,49.57,23.28,52.17,22.45,38.22,3087519,12.38
Jae'Sean Tate,SF,SF,28,65.0,15.9,40.82,33.45,46.39,29.97,38.2,7565217,5.05
Patrick Baldwin Jr.,SF,SF,21,38.0,13.0,34.62,46.4,43.97,25.34,38.05,2448840,15.54
Ben Sheppard,SG,SG,22,57.0,14.3,43.09,26.97,49.44,29.46,37.92,2663880,14.23
Leonard Miller,SF,SF,20,17.0,3.1,67.23,25.13,33.95,14.74,37.89,1891857,20.03
Oshae Brissett,SF,SF,25,55.0,11.5,43.0,31.75,42.22,31.97,37.79,119972,314.99
A.J. Green,SG,SG,24,56.0,11.0,47.74,23.28,44.94,31.95,37.77,2120693,17.81
Gui Santos,PF,PF,21,23.0,8.3,60.68,26.2,37.88,16.92,37.61,1891857,19.88
Vasilije Micic,PG,PG,30,45.0,19.6,33.5,29.36,57.61,28.84,37.56,7723000,4.86
Eugene Omoruyi,SF,SF,26,43.0,9.1,49.07,28.67,39.07,27.7,37.2,119972,310.07
Jared Butler,SG,SG,23,40.0,14.2,41.81,31.6,47.32,24.17,37.11,745726,49.76
KJ Martin,SF,SF,23,58.06666666666667,12.403333333333334,46.26,26.62,41.44,28.61,36.61,7975000,4.59
Chris Duarte,SF,SF,26,59.0,12.2,37.33,28.67,43.43,36.19,36.46,5893768,6.19
Malachi Flynn,PG,PG,25,47.05797101449275,12.710144927536232,36.73,32.99,43.52,30.57,36.26,119972,302.24
Nassir Little,SF,SF,23,45.0,10.2,47.44,28.82,40.31,23.72,36.26,3107143,11.67
Caleb Houstan,SF,SF,21,59.0,13.8,39.83,23.43,46.7,32.83,36.05,2019699,17.85
Lindy Waters III,SG,SG,26,38.0,7.399999999999999,49.48,24.66,39.53,25.43,35.98,2196970,16.38
Shake Milton,SG,SG,27,39.583333333333336,12.095833333333331,41.63,27.87,42.94,27.76,35.74,2875000,12.43
DeAndre Jordan,C,C,35,36.0,11.0,46.9,41.0,36.23,11.78,35.73,2087519,17.12
Blake Wesley,SG,SG,20,61.0,14.4,36.73,26.05,47.38,31.31,35.64,2624280,13.58
MarJon Beauchamp,SF,SF,23,48.0,12.699999999999998,44.15,29.13,39.5,25.77,35.56,2733720,13.01
Jay Huff,C,C,25,20.0,2.5,63.51,21.73,27.14,19.93,35.26,2088033,16.89
Olivier-Maxence Prosper,PF,PF,21,40.0,8.4,43.69,30.06,41.22,21.24,35.17,2870400,12.25
Jordan Miller,SF,SF,24,8.0,3.5,66.62,15.88,30.33,17.89,35.12,1050000,33.45
Zeke Nnaji,PF,PF,23,58.0,9.9,41.44,33.29,35.91,26.3,34.99,8888889,3.94
Seth Curry,SG,SG,33,37.45454545454545,14.004545454545456,41.91,30.46,47.42,14.18,34.88,2087519,16.71
Bones Hyland,PG,PG,23,37.0,14.599999999999998,31.55,32.37,48.1,25.56,34.69,4158439,8.34
Svi Mykhailiuk,SF,SF,26,41.0,10.1,39.04,26.36,43.03,27.96,34.65,3500000,9.9
Joe Ingles,SF,SF,36,68.0,17.2,27.36,34.99,50.79,24.96,34.64,2087519,16.59
Luka Garza,C,C,25,25.0,4.9,56.7,16.03,35.82,22.84,34.54,2162606,15.97
Josh Minott,SF,SF,21,32.0,2.8,56.54,24.2,31.57,17.39,34.38,2019699,17.02
Johnny Davis,SG,SG,21,50.0,12.3,35.83,28.21,44.34,27.23,34.33,5291160,6.49
Jeenathan Williams,SG,SG,24,22.0,5.9,53.85,19.88,35.67,21.28,34.3,515881,66.49
Dalen Terry,SG,SG,21,59.0,11.5,33.25,32.37,42.14,28.09,34.22,3510480,9.75
Jevon Carter,PG,PG,28,72.0,13.9,31.55,27.13,48.36,28.81,34.1,6500000,5.25
Anthony Gill,PF,PF,31,50.0,9.3,46.34,27.13,37.09,19.95,33.95,2237691,15.17
Jarace Walker,PF,PF,20,33.0,10.3,34.65,37.15,40.79,19.91,33.86,6362520,5.32
Doug McDermott,SF,SF,32,51.0625,14.1015625,42.93,20.04,48.35,17.33,33.44,2087519,16.02
Jeremiah Robinson-Earl,PF,PF,23,39.0,8.6,41.77,31.14,34.69,21.03,33.19,2196970,15.11
Matt Ryan,SF,SF,26,28.0,13.9,41.75,21.73,40.19,25.6,33.12,621439,53.3
Dariq Whitehead,SF,SF,19,2.0,12.0,22.09,43.16,53.71,10.68,32.98,3114240,10.59
JaVale McGee,C,C,36,46.0,7.4,47.58,37.3,27.66,12.32,32.98,2208856,14.93
Keon Johnson,SG,SG,21,5.0,12.2,47.53,29.9,34.32,13.03,32.92,2162606,15.22
Orlando Robinson,C,C,23,36.0,8.4,41.71,29.9,33.13,22.73,32.82,1691610,19.4
Nick Smith Jr.,SG,SG,19,51.0,14.3,33.73,22.66,45.6,27.66,32.72,2587200,12.65
A.J. Lawson,SG,SG,23,42.0,7.4,42.81,25.43,36.9,21.1,32.65,100000,326.5
Ousmane Dieng,PF,PF,20,33.0,11.1,37.9,28.52,39.81,20.29,32.51,5027040,6.47
Moses Brown,C,C,24,22.0,9.1,31.59,35.76,35.24,25.19,32.26,426632,75.62
Terry Taylor,PF,PF,24,31.0,6.1,46.88,22.66,31.79,22.36,32.15,119972,267.98
Braxton Key,SF,SF,26,20.0,3.0,46.24,24.2,32.52,19.63,31.98,11997,2665.67
Kobe Bufkin,SG,SG,20,17.0,11.5,29.16,33.91,45.66,16.08,31.86,4299000,7.41
Colin Castleton,C,C,23,16.0,3.7,62.32,15.57,24.93,14.15,31.65,421081,75.16
Julian Strawther,SF,SF,21,50.0,10.9,33.3,24.51,41.76,25.15,31.59,2552520,12.38
Alex Len,C,C,30,48.0,9.3,36.36,36.99,31.23,17.99,31.56,2831348,11.15
Tristan Thompson,C,C,32,49.0,11.2,34.67,34.84,37.72,14.48,31.44,2087519,15.06
Jaden Springer,PG,PG,21,37.89795918367347,10.321428571428571,33.82,32.06,35.04,21.74,31.27,4772772,6.55
Kobe Brown,PF,PF,24,44.0,9.0,32.63,23.58,40.55,26.74,31.17,2533920,12.3
Rayan Rupert,SG,SG,19,39.0,16.2,21.65,27.75,47.47,28.78,31.06,1891857,16.42
Jalen McDaniels,SF,SF,26,50.0,10.8,26.57,28.05,38.21,30.08,30.55,4861772,6.28
Brandon Boston Jr.,SF,SF,22,32.0,10.8,35.77,25.74,36.47,20.34,30.35,596581,50.87
Ryan Rollins,PG,PG,21,10.692307692307692,6.0,37.15,36.98,28.35,14.08,30.29,1091887,27.74
Chuma Okeke,SF,SF,25,47.0,9.2,23.17,29.9,37.47,30.32,29.86,355687,83.95
Gabe Vincent,PG,PG,27,11.0,19.8,17.51,21.73,57.99,19.61,29.1,11000000,2.65
Andre Jackson Jr.,SG,SG,22,57.0,10.0,31.83,21.58,34.25,27.84,29.07,1891857,15.37
Brandon Williams,PG,PG,24,17.0,6.6,34.08,22.2,36.49,20.33,28.96,47989,603.47
P.J. Tucker,PF,PF,38,28.29032258064516,15.688709677419356,21.67,32.95,45.16,14.0,28.83,12025777,2.4
Garrett Temple,SG,SG,37,27.0,10.7,34.64,26.2,39.75,9.26,28.73,2087519,13.76
Patty Mills,PG,PG,35,24.28125,12.978125,27.81,26.87,45.16,10.28,28.41,2087519,13.61
Isaiah Mobley,PF,PF,24,10.0,7.2,32.53,20.96,38.85,18.21,28.35,11997,2363.09
Jordan Walsh,SF,SF,19,9.0,9.2,25.0,34.84,36.36,14.33,28.17,1891857,14.89
Julian Phillips,SF,SF,20,40.0,8.1,35.2,20.66,33.19,20.38,28.1,1891857,14.85
JD Davison,SG,SG,21,8.0,4.9,35.78,24.51,34.23,12.79,27.98,11997,2332.25
Mamadi Diakite,PF,PF,27,4.5,4.0,37.73,24.2,28.09,17.44,27.88,464050,60.08
Colby Jones,SG,SG,21,30.0,6.4,30.67,22.5,35.82,17.51,27.28,2120693,12.86
Chris Livingston,SF,SF,20,21.0,4.3,41.89,20.19,25.3,14.76,26.89,1891857,14.21
Kevon Harris,SG,SG,26,2.0,3.0,47.61,13.1,18.34,17.57,25.66,119972,213.88
Cody Zeller,C,C,31,43.0,7.399999999999999,24.94,27.13,32.13,15.55,25.41,3500000,7.26
Wendell Moore Jr.,SG,SG,22,25.0,3.0,39.1,22.2,19.4,14.95,25.12,2537040,9.9
Pat Spencer,PG,PG,27,6.0,4.3,33.93,16.65,29.88,16.47,25.11,438810,57.22
Taj Gibson,PF,PF,38,16.8,10.2,26.15,25.19,39.3,5.48,25.06,2087519,12.0
Jalen Pickett,SG,SG,24,27.0,4.5,25.96,18.03,28.95,21.35,23.8,1891857,12.58
Ty Jerome,SG,SG,26,2.0,7.5,30.71,7.71,35.51,16.17,23.25,2560975,9.08
Cole Swider,SF,SF,24,18.0,4.8,24.82,20.35,26.23,20.12,23.12,227947,101.43
Hunter Tyson,PF,PF,23,18.0,2.7,29.0,16.34,29.81,14.29,23.1,1891857,12.21
Cory Joseph,PG,PG,32,26.0,11.400000000000002,18.67,21.58,42.15,7.72,23.08,3303771,6.99
AJ Griffin,SF,SF,20,20.0,8.6,14.87,24.2,35.1,15.67,22.42,250000,89.68
Markieff Morris,PF,PF,34,26.0,8.3,18.22,29.13,32.57,7.61,22.41,2087519,10.74
Jett Howard,SF,SF,20,18.0,3.7000000000000006,21.59,20.35,30.21,14.62,22.04,5278320,4.18
Daishen Nix,PG,PG,21,15.0,3.3,22.19,21.12,25.85,14.41,21.28,119972,177.37
Jalen Hood-Schifino,SG,SG,20,21.0,5.2,12.39,19.11,27.54,15.11,18.4,3879840,4.74
DaQuan Jeffries,SG,SG,26,17.0,2.7,7.35,19.27,24.35,18.76,16.86,2425404,6.95
E.J. Liddell,PF,PF,23,8.0,2.9,9.16,29.75,11.88,11.69,15.49,706898,21.91
Charlie Brown Jr.,SG,SG,26,8.0,4.6,0.0,17.26,20.48,16.93,12.82,2237692,5.73
James Johnson,PF,PF,36,9.0,5.2,0.0,23.43,19.25,2.0,11.07,2087519,5.3
Maxwell Lewis,SF,SF,21,34.0,3.0,0.0,17.42,10.06,16.04,10.08,1891857,5.33
Joshua Primo,SG,SG,21,2.0,5.0,0.0,24.66,0.0,10.79,8.32,1000000,8.32
